<annotation>
	<folder>JPEGImages</folder>
	<filename>image28.jpg</filename>
	<path>/Users/vijendra1125/Documents/tensorflow/object_detection/dataset2/JPEGImages/image28.jpg</path>
	<source>
		<database>Unknown</database>
	</source>
	<size>
		<width>384</width>
		<height>512</height>
		<depth>3</depth>
	</size>
	<segmented>0</segmented>
	<object>
		<name>speaker</name>
		<pose>Unspecified</pose>
		<truncated>0</truncated>
		<difficult>0</difficult>
		<bndbox>
			<xmin>35</xmin>
			<ymin>221</ymin>
			<xmax>212</xmax>
			<ymax>379</ymax>
		</bndbox>
	</object>
	<object>
		<name>cup</name>
		<pose>Unspecified</pose>
		<truncated>0</truncated>
		<difficult>0</difficult>
		<bndbox>
			<xmin>222</xmin>
			<ymin>29</ymin>
			<xmax>361</xmax>
			<ymax>167</ymax>
		</bndbox>
	</object>
</annotation>
