<annotation>
	<folder>JPEGImages</folder>
	<filename>image18.jpg</filename>
	<path>/Users/vijendra1125/Documents/tensorflow/object_detection/dataset2/JPEGImages/image18.jpg</path>
	<source>
		<database>Unknown</database>
	</source>
	<size>
		<width>512</width>
		<height>384</height>
		<depth>3</depth>
	</size>
	<segmented>0</segmented>
	<object>
		<name>speaker</name>
		<pose>Unspecified</pose>
		<truncated>0</truncated>
		<difficult>0</difficult>
		<bndbox>
			<xmin>31</xmin>
			<ymin>71</ymin>
			<xmax>113</xmax>
			<ymax>143</ymax>
		</bndbox>
	</object>
	<object>
		<name>cup</name>
		<pose>Unspecified</pose>
		<truncated>0</truncated>
		<difficult>0</difficult>
		<bndbox>
			<xmin>313</xmin>
			<ymin>131</ymin>
			<xmax>389</xmax>
			<ymax>195</ymax>
		</bndbox>
	</object>
</annotation>
