<annotation>
	<folder>JPEGImages</folder>
	<filename>image21.jpg</filename>
	<path>/Users/vijendra1125/Documents/tensorflow/object_detection/dataset2/JPEGImages/image21.jpg</path>
	<source>
		<database>Unknown</database>
	</source>
	<size>
		<width>384</width>
		<height>512</height>
		<depth>3</depth>
	</size>
	<segmented>0</segmented>
	<object>
		<name>speaker</name>
		<pose>Unspecified</pose>
		<truncated>0</truncated>
		<difficult>0</difficult>
		<bndbox>
			<xmin>79</xmin>
			<ymin>247</ymin>
			<xmax>196</xmax>
			<ymax>373</ymax>
		</bndbox>
	</object>
	<object>
		<name>cup</name>
		<pose>Unspecified</pose>
		<truncated>0</truncated>
		<difficult>0</difficult>
		<bndbox>
			<xmin>189</xmin>
			<ymin>84</ymin>
			<xmax>289</xmax>
			<ymax>186</ymax>
		</bndbox>
	</object>
</annotation>
