<annotation>
	<folder>JPEGImages</folder>
	<filename>image11.jpg</filename>
	<path>/Users/vijendra1125/Documents/tensorflow/object_detection/dataset2/JPEGImages/image11.jpg</path>
	<source>
		<database>Unknown</database>
	</source>
	<size>
		<width>512</width>
		<height>384</height>
		<depth>3</depth>
	</size>
	<segmented>0</segmented>
	<object>
		<name>speaker</name>
		<pose>Unspecified</pose>
		<truncated>0</truncated>
		<difficult>0</difficult>
		<bndbox>
			<xmin>194</xmin>
			<ymin>77</ymin>
			<xmax>344</xmax>
			<ymax>222</ymax>
		</bndbox>
	</object>
</annotation>
