<annotation>
	<folder>JPEGImages</folder>
	<filename>image20.jpg</filename>
	<path>/Users/vijendra1125/Documents/tensorflow/object_detection/dataset2/JPEGImages/image20.jpg</path>
	<source>
		<database>Unknown</database>
	</source>
	<size>
		<width>512</width>
		<height>384</height>
		<depth>3</depth>
	</size>
	<segmented>0</segmented>
	<object>
		<name>speaker</name>
		<pose>Unspecified</pose>
		<truncated>0</truncated>
		<difficult>0</difficult>
		<bndbox>
			<xmin>162</xmin>
			<ymin>131</ymin>
			<xmax>238</xmax>
			<ymax>206</ymax>
		</bndbox>
	</object>
	<object>
		<name>cup</name>
		<pose>Unspecified</pose>
		<truncated>0</truncated>
		<difficult>0</difficult>
		<bndbox>
			<xmin>251</xmin>
			<ymin>105</ymin>
			<xmax>312</xmax>
			<ymax>178</ymax>
		</bndbox>
	</object>
</annotation>
